{
    "assignment":{
        "All":[
            "LP_OVERALL",
            "LP_SOURCE",
            "LP_SOURCE",
            "LP_SOURCE",
            "LP_SOURCE",
			"LP_SOURCE",
			"LP_OVERALL",
            "LP_SOURCE",
            "LP_SOURCE",
            "LP_SOURCE",
            "LP_SOURCE",
			"LP_SOURCE",
            "LP_OVERALL",
            "LP_SOURCE",
            "LP_SOURCE",
            "LP_SOURCE",
            "LP_SOURCE",
			"LP_SOURCE"		
        ]
    },
    "configuration":{
        "numNodes": 18,
		"edgeProb": 1,
		"transVal": 1,
        "window": 21,
        "smoothing": 1,
		"numIR": 4	
    }
}